id,created_at,deleted_at
16,2024-06-07,
17,2024-06-07,
18,2024-06-07,
19,2024-06-07,
20,2024-06-07,
21,2024-06-07,
22,2024-06-07,
23,2024-06-07,
24,2024-06-07,
25,2024-06-07,
26,2024-06-07,
27,2024-06-07,
28,2024-06-07,
29,2024-06-07,
30,2024-06-07,
31,2024-06-07,
32,2024-06-07,
33,2024-06-07,
34,2024-06-07,
35,2024-06-07,
36,2024-06-07,
37,2024-06-15,2024-06-15
38,2024-06-15,
39,2024-06-15,2024-06-15
40,2024-06-16,
77,2024-06-20,
83,2024-06-21,
84,2024-06-21,2024-06-21
86,2024-06-21,2024-06-21
87,2024-06-22,2024-06-22
88,2024-06-22,2024-06-22
89,2024-06-22,2024-06-22
90,2024-06-22,2024-06-22
92,2024-06-22,2024-06-22
93,2024-06-22,2024-06-22
94,2024-06-23,2024-06-23
95,2024-06-23,
96,2024-06-23,2024-06-23
97,2024-06-23,2024-06-23
98,2024-06-24,2024-06-24
99,2024-06-24,
100,2024-06-26,2024-06-26
