id,bookmark_id,created_at,user_id,volunteer_vacancies_id
1,16,2024-06-07 07:19:52.737,1,2
2,17,2024-06-07 07:19:52.737,52,4
3,18,2024-06-07 07:19:52.737,53,6
4,19,2024-06-07 07:19:52.737,54,3
5,20,2024-06-07 07:19:52.737,75,5
6,21,2024-06-07 18:27:48.688,61,1
7,22,2024-06-07 18:27:48.688,52,5
8,23,2024-06-07 18:27:48.688,73,7
9,24,2024-06-07 18:27:48.688,64,8
10,25,2024-06-07 18:27:48.688,65,9
11,26,2024-06-07 18:27:48.688,66,10
12,27,2024-06-07 18:27:48.688,55,29
13,28,2024-06-07 18:27:48.688,69,36
14,29,2024-06-07 18:27:48.688,70,33
15,30,2024-06-07 18:27:48.688,61,12
16,31,2024-06-07 18:27:48.688,80,32
17,32,2024-06-07 18:27:48.688,56,11
18,33,2024-06-07 18:27:48.688,73,30
19,34,2024-06-07 18:27:48.688,70,34
20,35,2024-06-07 18:27:48.688,86,35
21,36,2024-06-07 18:27:48.688,78,31
