id,created_at,updated_at,deleted_at
91,2024-06-23,2024-06-23,2024-06-23
92,2024-06-23,2024-06-23,2024-06-23
93,2024-06-23,2024-06-23,2024-06-23
94,2024-06-23,2024-06-23,2024-06-23
95,2024-06-23,2024-06-23,2024-06-23
96,2024-06-23,2024-06-23,2024-06-23
97,2024-06-23,2024-06-23,2024-06-23
98,2024-06-23,2024-06-23,2024-06-23
99,2024-06-23,2024-06-23,2024-06-23
100,2024-06-23,2024-06-23,2024-06-23
101,2024-06-23,2024-06-23,2024-06-23
102,2024-06-23,2024-06-23,2024-06-23
103,2024-06-23,2024-06-23,2024-06-23
104,2024-06-23,2024-06-23,2024-06-23
105,2024-06-23,2024-06-23,2024-06-23
106,2024-06-23,2024-06-23,
107,2024-06-23,2024-06-23,2024-06-23
108,2024-06-23,2024-06-23,
109,2024-06-23,2024-06-23,
110,2024-06-23,2024-06-23,
